,Region,County,Municipality,Location,Feature Carried,Feature Crossed,Owner,Year Built or Replaced,Month of inspection,Day of inspection
4822,5,Erie,Buffalo (City),JCT OF RTS 5 & I-190,5   5 53023027,190IX,NYSDOT,1956,12,1
9832,2,Oneida,Utica (City),INT.N-S ART.& BARGE CANAL,FROM THRUWAY EB,ERIE BARGE CANAL,NYSDOT,1989,12,1
9954,2,Oneida,Whitesboro (Village),IN WHITESBORO,922A922A26011004,CSX TRANS/AMTRAK,NYSDOT,1968,12,1
11801,8,Putnam,Southeast (Town),2.4 MI W JCT RTS 312+22,312 312 84011022,MNRR BE LINE,Railroad,1977,12,1
13329,1,Schenectady,Schenectady (City),1.4 MI S JCT SH 5 & SH 50,890I EXIT4C OFFRP,BIG CIRCLE,NYSDOT,1966,12,1
1050,11,Bronx,New York (City),AT PARKCHESTER,WESTCHESTER AVE,AMTRAK/CSXT/P&W,City,1907,12,1
12451,1,Rensselaer,Rensselaer (City),.5 MI E JCT US 9 & US 20,151 151 14031002,EAST STREET,City,1929,12,2
5561,1,Essex,Crown Point (Town),SOUTH OF CROWN POINT,Route 185,DELAWARE & HDSN,NYSDOT,1982,12,2
13986,7,St Lawrence,Waddington (Village),0.3 MI NE JCT 37 + 345,37  37 75021476,BIG SUCKER BROOK,NYSDOT,1957,12,2
13974,7,St Lawrence,Waddington (Town),1.8 MI NE JCT SH37 &SH345,37  37 75021493,BRANDY BROOK,NYSDOT,1957,12,2
7981,4,Monroe,Gates (Town),1.6 MI NE JCT I490S&SH251,490I490I43021144,204 204 43011000,NYSDOT,1963,12,2
13978,7,St Lawrence,Waddington (Town),2.5 MI NE OF PINE GROVE,CAMPBELL ROAD,BIG SUCKER BROOK,County,1948,12,2
10521,4,Ontario,Manchester (Town),JCT RTS 21 + NYS THRUWAY,NYS Route 21,90IX,NYS Thruway Authority,2018,12,3
2781,6,Chemung,Chemung (Town),End I86 Exit 58 WB on Rmp,86I 17 62051203,Roberts Hollow Ck,NYSDOT,2012,12,3
576,6,Allegany,Friendship (Town),1.1 MI N OF CR 20,MAPLE GROVE ROAD,TRIB VANCAMPEN CK,Town,1984,12,3
5743,1,Essex,Schroon (Town),2 MI.N.OF PARADOX,OLD FURNACE ROAD,PARADOX CREEK,County,2018,12,3
17099,8,Westchester,Rye (City),2.1 MI NE MAMARONECK RYE,PLAYLAND PARKWAY,THEO FRMO AV-CR54,NYS Thruway Authority,1956,12,3
643,6,Allegany,Rushford (Town),3.1 MI SE OF RUSHFORD,BARBER HILL ROAD,RUSH CREEK,Town,1986,12,3
16958,8,Westchester,New Rochelle (City),NEW ENGLAND VIADUCT,95IX,WEBSTER AVENUE,NYS Thruway Authority,1954,12,3
4829,5,Erie,Buffalo (City),2.9 MI NE JCT RTS 33 + 5,33  33 53011035,33   33 53011040,NYSDOT,1965,12,3
11449,9,Otsego,Burlington (Town),AT BURLINGTON,80  80 94041145,BUTTERNUT CREEK,NYSDOT,2016,12,3
573,6,Allegany,Friendship (Town),1.5 MI EAST OF FRIENDSHIP,COUNTY ROAD 20,TRB VAN CAMPEN CK,County,1987,12,3
6626,2,Herkimer,Herkimer (Town),JCT RTS 5 & 51 N OF ILION,51  51 23031169,CSX TRANS/AMTRAK,NYSDOT,1968,12,3
6625,2,Herkimer,Herkimer (Town),JCT RTS 5 & 51 N OF ILION,51  51 23031169,CSX TRANS/AMTRAK,NYSDOT,1968,12,3
17267,8,Westchester,Yonkers (City),0.8 MI SW OF BRONXVILLE,MIDLAND AVENUE,MNRR HA LINE,Railroad,1880,12,3
3894,9,Delaware,Colchester (Town),2.4 MI NW SULLIVAN CO LN,17  17 93081329,CR 17,NYSDOT,1968,12,3
3893,9,Delaware,Colchester (Town),2.4 MI NW SULLIVAN CL,17  17 93081329,CR 17,NYSDOT,1968,12,3
5944,7,Franklin,Moira (Town),2.4MI NW MOIRA,WANGUM ROAD,LAWRENCE BROOK,County,2010,12,3
5935,7,Franklin,Moira (Town),.7 MI S OF BRUSHTON,"CR 7, GALE RD",STONY BROOK,County,2014,12,3
5463,5,Erie,Tonawanda (Town),.4 MI W JCT US62 & SH356,CREEKSIDE DRIVE,TRB TONAWANDA CRK,County,1964,12,3
6434,1,Greene,New Baltimore (Town),2 MI NW NEW BALTIMORE,DEANS MILL ROAD,HANNACROIS CREEK,County,1961,12,3
5462,5,Erie,Tonawanda (Town),.4 MI W JCT US62 & SH356,CREEKSIDE DRIVE,DIVERSION CHANNEL,County,1986,12,3
5461,5,Erie,Tonawanda (Town),.4 MI W JCT US62 & SH356,CREEKSIDE DRIVE,DIVERSION CHANNEL,County,1986,12,3
9669,2,Oneida,New Hartford (Village),05MI S  JCT RTS 8+12,8   8 26076000,921E921E26011010,NYSDOT,1967,12,3
6510,2,Hamilton,Lake Pleasant (Town),11.8 MI N JCT RTS 8+30,30  30 22061385,LEWEY LAKE OUTLET,NYSDOT,1992,12,3
1523,9,Broome,,JCT I81 & SH 7,81I81I91012021,7 7 91012028,NYSDOT,2018,12,3
2780,6,Chemung,Chemung (Town),End I86 Exit 58 EB offRam,86I 17 62051203,Roberts Hollow Ck,NYSDOT,2012,12,3
15847,8,Ulster,Kingston (City),0.8 MI S JCT RTS 28+I87,981K981K86011002,ESOPUS CREEK,NYSDOT,1962,12,3
8223,4,Monroe,Penfield (Town),1.2MI NW JCT RTS253+441,Penfield Road,IRONDEQUOIT CREEK,County,1929,12,3
12229,11,Queens,New York (City),IN LONG ISLAND CITY,THOMSON AVENUE,AMTRAK  YARD,City,1908,12,3
16201,1,Warren,Johnsburg (Town),0.5 MI NE JCT SH28 & 28N,28N 28N17031041,UPPER HUDSON R RR,NYSDOT,1930,12,3
3724,3,Cortland,Harford (Town),.2 MI NE JCT SH38 & SH221,221 221 32011002,TRB E B OWEGO CRK,NYSDOT,2018,12,3
15779,8,Ulster,Denning (Town),0.6 MI NE OF BULL RUN,PEEKAMOOSE ROAD,BEAR HOLE BROOK,County,1947,12,3
5792,7,Franklin,Bangor (Town),2.4 MI NW OF WEST BANGOR,CR 16,TRIB LIT SALMON R,County,2010,12,3
4063,9,Delaware,Hancock (Town),.2 MI SE JCT SH 30 & SH17,BRIDGE STREET,BEAVER KILL,County,1932,12,3
6504,2,Hamilton,Inlet (Town),AT INLET,CR1 SOUTH SHORE RD,INLET FOURTH LAKE,County,2010,12,3
1871,5,Cattaraugus,New Albion (Town),4.8 MI NW VIL OF L VALLEY,353 353 51012121,BR CATTARAUGUS CK,NYSDOT,1980,12,3
11481,9,Otsego,Exeter (Town),5.3 MI S JCT RTS 28 + 20,28  28 94033298,HERKIMER CREEK,NYSDOT,2016,12,3
15771,8,Ulster,Denning (Town),1.2 mi NE of Claryville,DENNING ROAD,EAST BRANCH NEVERSINK RIVER,County,2016,12,3
2018,3,Cayuga,Auburn (City),0.5 M S OF JUNC US20&US5,MILLER STREET,OWASCO POWER RACE,City,1978,12,3
5975,7,Franklin,,07MiEast of Wolf Pond RD,Bryants Siding Road,Ragged Lake Outlet,County,2015,12,3
2015,3,Cayuga,Auburn (City),IN AUBURN,GENESEE STREET,OWASCO OUTLET,City,1880,12,3
7358,7,Lewis,Diana (Town),6.7 MI NE JCT SH3 & SH 3A,3   3 74031012,MOHAWK ADIR & NO,NYSDOT,1960,12,3
13837,7,St Lawrence,Massena (Town),JCT. RTE.131 & GRASSE R.,131 131 75011123,GRASSE RIVER,NYSDOT,1956,12,3
8355,4,Monroe,Rochester (City),.3 MI W JCT GEN RVR& I490,PLYMOUTH AVENUE,490I490I43022032,NYSDOT,1974,12,3
6201,4,Genesee,Pembroke (Town),JCT RT 77 & TONAWANDA CK,77  77 41021113,TONAWANDA CREEK,NYSDOT,1987,12,3
10823,8,Orange,Montgomery (Town),1.8 MI W JCT I84 & SH 208,84I 84I83011269,NORFOLK SOUTHERN RAILROAD,NYSDOT,1969,12,3
5855,7,Franklin,Dickinson (Town),1.7 MI NE DICKINSON CENTR,CHURCH ROAD,DEER RIVER,County,2017,12,3
5911,7,Franklin,Malone (Town),1 MI S OF CHASM FALLS,"CR25,Fayettvil Rd",SALMON RIVER,County,2017,12,3
13842,7,St Lawrence,Massena (Town),5 MILES NE OF MASSENA,COUNTY ROAD 46,SPRING BROOK,County,1963,12,3
16819,8,Westchester,Mamaroneck (Village),JCT US 1 & MAMARONECK RVR,1 87033031,MAMARONECK RIVER,NYSDOT,1895,12,4
7576,4,Livingston,Mount Morris (Village),JCT RTE 36 + GENESEE R,36  36 42021182,GENESEE RIVER,NYSDOT,1955,12,4
4732,5,Erie,Amherst (Town),0.5 MI W JCT RT 263 +I290,MAPLE ROAD,290  290 53011064,NYSDOT,1961,12,4
16922,8,Westchester,Mount Vernon (City),JCT OF RTS CCP & BRP,EB COLL.DIST.907K,907GX,NYSDOT,1970,12,4
12415,1,Rensselaer,Pittstown (Town),75 FT W INT HALL RD,7 7 14092129,Sunkauissia Creek Tributary,NYSDOT,2016,12,4
12804,8,Rockland,Clarkstown (Town),1.3 MI N of Casper Hill R,Kings Highway,Kill Von Beaste,County,2008,12,4
17013,8,Westchester,Ossining (Town),1.2 MI S JCT RTS 9 & 129,9   9 87032153,CROTON RIVER,NYSDOT,1998,12,4
5395,5,Erie,Orchard Park (Town),0.1 mile south of Thorn A,Duerr Road,Smokes Creek,County,2010,12,4
7652,4,Livingston,York (Town),3.3 MI NE OF YORK,FOWLERVILLE ROAD,GENESEE RIVER,County,1950,12,4
16624,8,Westchester,Briarcliff Manor (Village),.5MI S OF PLESVIL RO/TSP,987G987G87101055,WASHBURN CREEK,NYSDOT,1994,12,4
3657,8,Columbia,Taghkanic (Town),1.1 MI SE OF TAGHKANIC,COUNTY ROAD 27,TAGHKANIC CREEK,County,2015,12,4
3585,8,Columbia,Greenport (Town),1.1 MI N JCT RTS 9+9H,ROUTE 9H,TAGHKANIC CREEK,NYSDOT,2016,12,4
17014,8,Westchester,Ossining (Town),1.2 MI S JCT RTS 9 & 129,9   9 87032153,CROTON RIVER,NYSDOT,1998,12,4
8356,4,Monroe,Rochester (City),JCT PATTONWD & GENESEE R,Pattonwood Drive,CSX Trans,NYSDOT,2004,12,4
5873,7,Franklin,Fort Covington (Town),1.9MI SE FORT COVINGTON,"CR 42, MERRICK RD",W BR DEER CREEK,County,1947,12,4
5405,5,Erie,Orchard Park (Town),1.9 MI N OF NORTH BOSTON,WARD DRIVE,BR 18 MILE CREEK,County,1936,12,4
4537,8,Dutchess,Poughkeepsie (City),0.7 MI JCT US 9/44 & SH 5,HOFFMAN  STREET,MNRR HU LINE,Railroad,2012,12,4
5305,5,Erie,Lancaster (Village),0.1 MI NE RT 20 & CENTRAL,CLARK STREET,PLUM BOTTOM CREEK,Town,1996,12,4
15364,9,Tioga,Barton (Town),2 MILES SW OF BARTON,BARTON ROAD,NORFOLK SOUTHERN MP.247.18,Town,2016,12,4
9300,5,Niagara,Newfane (Town),2 MI W JCT SH 104 & SH 78,104 104 54012199,EIGHTEENMILE CRK,NYSDOT,1929,12,4
10914,8,Orange,Port Jervis (City),JCT US6 & NEVERSINK RIVER,6 X,NEVERSINK RIVER,City,1929,12,4
883,11,Bronx,New York (City),AT HUNTS POINT,BRYANT AVENUE,AMTRAK/CSXT/P&W,City,1908,12,4
15468,9,Tioga,Owego (Town),0.1 MI N OWEGOINTERCHANGE,960JX,SUSQUEHANNA RIVER,NYSDOT,1968,12,4
5874,7,Franklin,Fort Covington (Town),2.4MI W FORT COVINGTON,"CR 43, DRUM STREE",PIKE CREEK,County,1963,12,4
4714,5,Erie,Amherst (Town),NE 0F KLEIN & YOUNGS,CHAPEL WOODS,DRAINAGE DITCH26B,Town,2010,12,4
12305,11,Queens,,JCT GCP+ROUTE 678,908B908BX5MR06B1,908B908BX5M24046,NYSDOT,2017,12,4
13820,7,St Lawrence,Louisville (Town),JCT RTE 37 + GRASSE R,37  37 75021617,GRASSE RIVER,NYSDOT,1956,12,4
10824,8,Orange,Montgomery (Town),1.8 MI W JCT I84 & SH 208,84I 84I83011269,NORFOLK SOUTHERN RAILROAD,NYSDOT,1969,12,4
13844,7,St Lawrence,Massena (Village),JCT RTE 420 + RACQUETTE R,420 420 75011115,RAQUETTE RIVER,NYSDOT,1966,12,4
3645,8,Columbia,Stockport (Town),0.4 MI NE OF STOCKPORT,FITTING ROAD,WIDOWS CREEK,County,1934,12,4
2103,3,Cayuga,Niles (Town),2 MI SW OF MANDANA,ROWE ROAD,DUTCH HOLLOW BROOK,Town,1993,12,4
10289,3,Onondaga,Skaneateles (Town),AT MOTTVILLE,CROW HILL ROAD,SKANEATELES CREEK,Town,1900,12,4
6104,4,Genesee,Batavia (City),JCT RTE 98 + TONAWANDA CK,33  33 41032010,TONAWANDA CREEK,NYSDOT,1952,12,4
3521,8,Columbia,Claverack (Town),1.3 MI SW OF CLAVERACK,COUNTY ROAD 29,TAGHKANIC CREEK,County,1953,12,4
742,6,Allegany,Wirt (Town),5.0 MI S FRIENDSHIP,WATSON ROAD,TRIB S BR VAN CAMPEN CRK,Town,1979,12,4
3626,8,Columbia,New Lebanon (Town),4.6 MI N JCT SH22 & SH295,22  22 81051366,S B WYOMANOCK CRK,NYSDOT,1934,12,4
4479,8,Dutchess,Millbrook (Village),0.8 MI.NW OF MILLBROOK,44A 44A82011026,EAST BRANCH WAPPINGER CREEK,NYSDOT,1953,12,5
10339,3,Onondaga,Syracuse (City),VIADUCT I-690 EB@I-81 INT,690I690I33012023,81I 81I33032046,NYSDOT,1968,12,5
6031,2,Fulton,Johnstown (Town),4.0MI SE JCT RTS 10 & 29A,29A 29A21021181,PECKS CREEK,NYSDOT,1998,12,5
11979,11,Queens,New York (City),AT SUNNYSIDE,49TH AVENUE,LONG ISLAND RR,City,1908,12,5
4933,5,Erie,Buffalo (City),.3 MI SW JCT SH5 & BUF RV,MICHIGAN AVENUE,BUFFALO RIVER,City,1930,12,5
11117,4,Orleans,Carlton (Town),0.1 MI S OF KEYONVILLE,KENYONVILLE ROAD,OAK ORCHARD RIVER,County,2002,12,5
17202,8,Westchester,Yonkers (City),JCT RTE 100+SBP,100 100 87011011,987F  987F,NYSDOT,1962,12,5
16935,8,Westchester,Mount Vernon (City),2.3 MILES WEST OF PELHAM,SOUTH STREET,MNRR NH LINE,Railroad,1893,12,5
16500,4,Wayne,Lyons (Village),JCT OF RTE 31 + BARGE C,31  31 37061097,ERIE CANAL,NYSDOT,1965,12,5
11823,11,Queens,New York (City),AT SUNNYSIDE YARD,25  25 05021009,LIRR-SP12,City,1910,12,5
6679,2,Herkimer,Newport (Town),2.1 MI NE JCT RTS 28 & 29,28  28 23041232,WHITE CREEK,NYSDOT,2014,12,5
15014,9,Sullivan,Cochecton (Town),AT COCHECTON,COCHECTON DAM ROAD,DELAWARE RIVER,NYSDOT,1950,12,5
5791,7,Franklin,Bangor (Town),1 MI S OF WEST BANGOR,"CR 10, CROOKS ROA",DEVELIN BROOK,County,1962,12,5
9620,2,Oneida,Marcy (Town),1.5 MI E JCT SH291 & SH49,49  4926023599,90IX,NYSDOT,2001,12,5
11432,3,Oswego,West Monroe (Town),.2 MI N EXIT 31 OF I81,81I 81I33033122,ONEIDA LAKE,NYSDOT,1959,12,5
4975,5,Erie,Cheektowaga (Town),JCT RT 277 + 33,277 277 53011180,33  33 53012023,NYSDOT,1967,12,5
944,11,Bronx,New York (City),AT HUNTSPOINT,FAILE STREET,AMTRAK/CSXT/P&W,City,1906,12,5
13577,6,Schuyler,Montour Falls (Village),0.9 MI S OF MONTOUR FALLS,14  14 63021035,Diversion Channel,NYSDOT,1950,12,5
12554,1,Rensselaer,Stephentown (Town),RTE 43 AT STEPHENTOWN CTR,43  43 14032210,BLACK RIVER,NYSDOT,2016,12,5
11433,3,Oswego,West Monroe (Town),I81 NB AT ONONDAGA C LINE,81I 81I33033122,ONEIDA LAKE,NYSDOT,1959,12,5
12976,8,Rockland,Stony Point (Town),1.5 MI E JCT RTE 210+PIP,COUNTY ROAD 106,CEDAR POND BROOK,County,1970,12,5
4559,8,Dutchess,Poughkeepsie (Town),1.1 MI NW JCT CRs 28 & 91,BRIDGE STREET,MNRR HU LINE,Railroad,2014,12,5
5793,7,Franklin,Bangor (Town),2.2 MI NW OF WEST BANGOR,CR 16 BACON RD,LITT SALMON RIVER,County,1951,12,5
15862,8,Ulster,Lloyd (Town),AT HIGHLAND,RIVER ROAD,TWAALFSKILL CREEK,Town,2006,12,5
4906,5,Erie,Buffalo (City),2.9 MI NE JCT RTS 33 + 5,DELEVAN AVENUE,33   33 53011039,NYSDOT,1965,12,5
6533,2,Hamilton,Speculator (Village),0.7 MI SE JCT RTS 8 & 30,8   8 22091283,SACANDAGA RIVER,NYSDOT,1968,12,5
219,1,Albany,Colonie (Town),0.8 MI SW JCT 32 & 155,155 155 11013096,LINCOLN AVE,NYSDOT,1961,12,5
13579,6,Schuyler,Montour Falls (Village),0.3 MI SE JCT RTS 14 +224,224 224 63021143,Diversion Channel,NYSDOT,1950,12,5
6490,2,Hamilton,Indian Lake (Town),20 MI N JCT SH 8 & SH 30,30  30 22061467,SQUAW BROOK,NYSDOT,1931,12,5
5933,7,Franklin,Moira (Town),1.7 MI SE SOUTH BOMBAY,"CR 17, SAYLES RD",LITTLE SALMON RVR,County,1952,12,5
4562,8,Dutchess,Poughkeepsie (Town),IN NEW HAMBURG,Reed Avenue,MNRR HUDSON LINE,Railroad,1930,12,5
10755,8,Orange,Greenville (Town),4.1 MI SW OF OTISVILLE,COUNTY ROAD 70,SHAWANGUNK KILL,County,1996,12,5
2450,5,Chautauqua,Jamestown (City),AT JAMESTOWN,SOUTH MAIN STREET,CHADAKOIN RIVER,County,1872,12,5
8983,11,New York,New York (City),QUEENSBORO BR OVER EAST R,25 X,NEW YORK STREETS,City,1909,12,5
2541,5,Chautauqua,Poland (Town),0.4 MI NE OF CLARKS CORN.,POLAND CENTER RD,MUD CREEK,County,1936,12,5
16040,8,Ulster,Shawangunk (Town),10.3MI E JCT RTS 52+209,52  52 86021201,VERKEERDER KILL,NYSDOT,2016,12,5
10537,4,Ontario,Phelps (Town),4.1 MI N OF GENEVA,96  96 44041009,14  14 44043044,NYSDOT,1958,12,5
13823,7,St Lawrence,Louisville (Town),.2 MILE SE OF CHASE MILLS,"CR 36, CHASE MILL",GRASSE RIVER,County,1981,12,5
11819,8,Putnam,Southeast (Town),1.4 MI S JCT I84 & I684,TURK HILL ROAD,684I684I84021021,NYSDOT,1967,12,5
3667,3,Cortland,Cincinnatus (Town),0.8 MI S OF CINCINNATUS,COUNTY ROAD 166,BRACKEL CREEK,County,1934,12,5
12304,11,Queens,,JCT GCP+ROUTE 678,678I678IX5M12040,908B908BX5M24046,NYSDOT,2018,12,5
13634,3,Seneca,Lodi (Town),1.4 MI WEST OF LODI,UPPER LAKE ROAD,MILL CREEK,Town,2019,12,5
10737,8,Orange,Goshen (Town),4.8 MI S OF MIDDLETOWN,MAPLE AVENUE,WALLKILL RIVER,County,2007,12,5
13673,3,Seneca,Waterloo (Village),AT WATERLOO-SH96 & B CNL,LOCUST STREET,CAY & SEN CANAL,NYSDOT,1914,12,5
5525,5,Erie,West Seneca (Town),JCT SH 240 & CO RD 101,RIDGE ROAD,CAZENOVIA CREEK,County,1955,12,5
3848,3,Cortland,Willet (Town),.9 MI N JCT SH 26 & SH221,26  26 32021058,TRIB OTSELIC RVR,NYSDOT,1936,12,5
34,1,Albany,Albany (City),I787 & B:WAY - D&H RWY,787I787I11011013,BROADWAY,NYSDOT,1973,12,5
14435,6,Steuben,Jasper (Town),3.6 MI EAST OF S CANISTEO,COUNTY ROAD 21,N B TUSCARORA CRK,County,1988,12,5
11078,8,Orange,,0.8MI SE Jct Ledge Rd+NV,New Vernon Road,Little Shawangunk Kill,County,2015,12,5
1,1,Albany,Albany (City),JCT US 9 & PATROON CREEK,9   9 11081025,CSX TRANS/ AMTRAK,NYSDOT,1971,12,6
11811,8,Putnam,Southeast (Town),2.2 MI NE OF CROTON FALLS,LOWER MINE ROAD,E BR CROTON RIVER,"NYC Dept of Water Supply, Gas and Electric",1908,12,6
1889,5,Cattaraugus,Olean (City),IN NORTH OLEAN,86I 17 51124011,WNY&PA RR,NYSDOT,1973,12,6
6768,2,Herkimer,Stark (Town),.3 MI NW JCT SH80 & SH16,168 168 23011138,TRIB OTSQUAGO CRK,NYSDOT,2016,12,6
15696,3,Tompkins,Ithaca (Town),IN FOREST HOME - ITHACA,COUNTY ROAD 121,FALL CREEK,County,1909,12,6
8186,4,Monroe,Ogden (Town),1.4 MI E OF SPENCERPORT,GILLETT ROAD,EX-NY CENTRAL RR,Railroad,1969,12,6
11431,3,Oswego,West Monroe (Town),1.8 MI E JCT SH 49 & I81,49  49 34012171,BIG BAY CREEK,NYSDOT,1941,12,6
10441,3,Onondaga,,1.5 MI NE JCT US20 & RT80,RTE 80,WEST BRANCH OF ONONDAGA CREEK,NYSDOT,2001,12,6
13874,7,St Lawrence,Oswegatchie (Town),4.5 MILES NW OF HUVELTON,EEL WEIR ROAD,OSWEGATCHIE RIVER,County,1960,12,6
11959,11,Queens,New York (City),0.9 MI W JCT I278 & I495,495I495IX5M13025,495I495IX5C13A04,NYSDOT,1969,12,6
10364,3,Onondaga,Syracuse (City),.6 MI SE JCT ONON CK &SH5,930C930C33011001,ONONDAGA CREEK,NYSDOT,1964,12,6
280,1,Albany,Menands (Village),.1 MI SE JCT SH32 & SH913,913T913T11011000,DELAWARE & HUDSON,NYSDOT,1970,12,6
1895,5,Cattaraugus,Olean (City),.3 MI W EXIT 26 OF I86,86I 17 51124009,WNY&PA RR,NYSDOT,1973,12,6
4939,5,Erie,Buffalo (City),JCT. OF RTS 5 + I190,PEARL ST OFF RAMP,FRANKLIN STREET,NYSDOT,1955,12,6
8330,4,Monroe,Rochester (City),CITY OF ROCHESTER,COURT STREET,GENESEE RIVER,City,1893,12,6
10312,3,Onondaga,Syracuse (City),CONNECTION I690WB & I81SB,81I 81I33032042,I81NB,NYSDOT,1968,12,6
4322,8,Dutchess,Beacon (City),IN THE CITY OF BEACON,BEEKMAN STREET,MNRR HU  LINE,City,1991,12,6
12492,1,Rensselaer,Schodack (Town),0.1 MI N JCT RTS 150 & 9,9   9 14071061,MOORDENERKILL CR.,NYSDOT,2016,12,6
13859,7,St Lawrence,Norfolk (Town),IN PLUM BROOK,NORFLK-BRASHER RD,PLUM BROOK,County,2010,12,6
17075,8,Westchester,Rye (City),06 MI NW JCT 120 & NETHRY,120 120 87012000,BLIND BROOK,NYSDOT,1994,12,6
969,11,Bronx,New York (City),AT HUNTS POINT,HUNTS POINT AVE,AMTRAK/CSXT/P&W,City,1908,12,6
16580,8,Westchester,Bedford (Town),0.2 MI W JCT RTS 35+I684,35  35 87012131,MUSCOOT RESERVOIR,NYSDOT,1968,12,6
2122,3,Cayuga,Sterling (Town),6.8 MI SW CL OSWEGO,104A104A31021069,STERLING VLLY CRK,NYSDOT,1914,12,6
10565,4,Ontario,Richmond (Town),JCT RTE 20A +HONEOYE OUTL,20A  20A44041038,HONEOYE CREEK,NYSDOT,2011,12,6
14614,6,Steuben,Woodhull (Town),5.1 MILES S OF WOODHULL,MCCASLIN ROAD,HOLDEN CREEK,Town,2005,12,6
14607,6,Steuben,Woodhull (Town),2.7 MI SW OF BORDEN,COUNTY ROAD 127,CAMP BROOK,County,2015,12,6
15888,8,Ulster,Olive (Town),JCT RTE 28&28A-ESOPUS CRK,28A 28A86011197,ESOPUS CREEK,"NYC Dept of Water Supply, Gas and Electric",1911,12,6
10508,4,Ontario,Manchester (Town),1.2 MI S JCT RTS 21 & 96,21  21 44053051,PADELFORD BROOK,NYSDOT,1995,12,6
10957,8,Orange,Wallkill (Town),2.5 MI E JCT RTS 17+I84,84I  84I83 21.6,HARVEY ROE BROOK,NYSDOT,1969,12,7
17406,4,Wyoming,Java (Town),6.2MI S JCT RTS 98 + 20A,98  98 46021142,TONAWANDA CREEK,NYSDOT,1931,12,7
17035,8,Westchester,Peekskill (City),IN PEEKSKILL,COUNTY ROAD 155,METRO NO COMMUTER,County,1984,12,7
864,11,Bronx,New York (City),AT HUNTS POINT,BARRETTO STREET,AMTRAK/CSXT/P&W,City,1908,12,7
6241,1,Greene,Ashland (Town),2.3 MI NW WINDHAM,STEINMETZ ROAD,BATAVIA KILL TRI,County,1961,12,7
8322,4,Monroe,Rochester (City),DOWNTOWN ROCHESTER,ANDREWS STREET,GENESEE RIVER,City,1892,12,7
16913,8,Westchester,Mount Vernon (City),0.1 MI N JCT RTS CCP+BRP,907K Ramp to 907G,907G X,NYSDOT,1974,12,7
16799,8,Westchester,Lewisboro (Town),JCT RTS 35+121,35  35 87012179,Trib. Cross River,NYSDOT,1910,12,7
11996,11,Queens,New York (City),JCT GCP+I678,678I678IX5M11070,678I678IX5M12076,NYSDOT,1963,12,7
10830,8,Orange,Montgomery (Town),1.1 MI E JCT I84 & SH 208,84I 84I83011298,NORFOLK SOUTHERN,NYSDOT,1968,12,7
8978,11,New York,New York (City),QUEENSBORO BR OVR EAST RV,25  25 04011004,NEW YORK STREETS,City,1909,12,7
8134,4,Monroe,Henrietta (Town),.3 MI N JCT I390 & I90,RAMP TO THRUWAY,390I390I43031083,NYSDOT,1980,12,7
9017,11,New York,New York (City),JCT.FDR DRIVE & 34TH ST.,907L907LX4MR09A2,907L907LX4MR09B1,NYSDOT,1949,12,7
3590,8,Columbia,Hillsdale (Town),0.2 MI E JCT RTS 22 & 71,71  71 81011003,GREEN RIVER,NYSDOT,1991,12,7
16801,8,Westchester,Lewisboro (Town),4.6 MI N JCT RTS 121+22,121 121 87011046,CROSS RIVER RESER,"NYC Dept of Water Supply, Gas and Electric",1906,12,7
16613,8,Westchester,Bedford (Town),0.6MI N JCT RTS I684+SMRP,JAY STREET,684I684I87011175,NYSDOT,1968,12,7
13078,1,Saratoga,Halfmoon (Town),0.3 MI SE JCT RTS 4 & 146,4   4 15021072,DELAWARE & HUDSON,NYSDOT,2009,12,7
150,1,Albany,Bethlehem (Town),.7 MI SW JCT US9W & SH396,396 396 11011037,CSX TRANSPRTATION,NYSDOT,1990,12,7
13190,1,Saratoga,Waterford (Village),IN WATERFORD,SIXTH STREET,DELAWARE & HUDSON,Village,1999,12,7
9818,2,Oneida,Utica (City),1.6 MI S JCT RTS 5 & 5A,921BX,NORTH - SOUTH ARTERIAL,NYSDOT,1975,12,8
8004,4,Monroe,Gates (Town),1.5MI S JCT RTS I490 + 33,W SIDE DRIVE,490I490I43021137,NYSDOT,1963,12,8
8354,4,Monroe,Rochester (City),JCT OF NORTH ST&I.L.,NORTH STREET,940T940T43011011,NYSDOT,1962,12,8
979,11,Bronx,New York (City),AT HUNTS POINT,LAFAYETTE AVENUE,AMTRAK/CSXT/P&W,City,1906,12,8
246,1,Albany,Guilderland (Town),1.8 MI E JCT SH146 &SH158,146 146 11021115,ACCESS ROAD,NYSDOT,1985,12,8
13208,1,Saratoga,,1.4 MI W JCT US 9 & SH 29,29  29 15031166,DELAWARE & HUDSON,NYSDOT,1959,12,8
77,1,Albany,Albany (City),1.1 MI E JCT I90 & S.H.85,EVERETT ROAD,CSX TRANS/ AMTRAK,NYSDOT,1965,12,8
13221,1,Saratoga,,.25 MI WEST OF SARATOGA,GRAND AVENUE,DELAWARE & HUDSON,City,1956,12,9
16576,8,Westchester,Ardsley (Village),2.3 MI S JCT RTS I87&SMRP,ASHFORD AVENUE,87IX,County,2018,12,9
13067,1,Saratoga,Greenfield (Town),CITY OF SARATOGA SPRINGS,CLINTON STREET,DELAWARE & HUDSON,County,1957,12,9
14562,6,Steuben,Urbana (Town),1.1 MI SW OF PLEASANT VLY,TAGGART ROAD,KEUKA LAKE INLET,Town,2019,12,9
16931,8,Westchester,Mount Vernon (City),2 MILES WEST OF PELHAM,S FOURTEENTH AVE,MNRR NH LINE,Railroad,1894,12,9
8364,4,Monroe,Rochester (City),LA RAMP I490WB TO I490EB,RAMPM00 43153801,RAMPZ TO I490EB,NYSDOT,1974,12,9
10313,3,Onondaga,Syracuse (City),JCT OF RTS I-81 SB + 5,81I 81I33032042,NORTH TOWNSEND ST,NYSDOT,1968,12,9
7908,4,Monroe,Chili (Town),0.7MI E JCT RTSI490EB+259,490I490I43021102,CSX TRANS/W SHORE,NYSDOT,1963,12,9
13614,6,Schuyler,,0.10 mi North of CR 1,Bishops Corners Road,Breakneck Creek,Town,2019,12,9
4851,5,Erie,Buffalo (City),0.4 MI E INT N6 I 190,190IX,NY-5,NYS Thruway Authority,1959,12,9
13959,7,St Lawrence,Stockholm (Town),2.5 MILES N OF SOUTHVILLE,COUNTY ROAD 47,TROUT BROOK,County,2013,12,9
13949,7,St Lawrence,Stockholm (Town),5.1 MI NE JCT US11 & SH56,11  11 75061485,W BR ST REGIS RVR,NYSDOT,1999,12,9
15762,3,Tompkins,,JCT OF RTS 38 + 366,38 38 36031081,FALL CREEK,NYSDOT,2019,12,9
16553,4,Wayne,Sodus (Town),4.6 MI SW OF SODUS,MAIN STREET,SALMON CREEK,Town,1917,12,9
402,6,Allegany,Amity (Town),3.0 MI NE BELMONT,IRISH SETTLEMENT,PHILLIPS CREEK,Town,1979,12,9
10656,8,Orange,Chester (Village),.9 MI E JCT SH 17 & SH 94,6  17 83101173,MIDDLETOWN & NJ RAILROAD,NYSDOT,1956,12,9
10311,3,Onondaga,Syracuse (City),JCT OF RTS I-81 NB + 5,81I 81I33032042,ERIE BOULEVARD,NYSDOT,1968,12,9
16583,8,Westchester,Bedford (Town),2.5 MI S JCT RTS 117+35,117 117 87011145,MNRR HA LINE,NYSDOT,1942,12,9
8154,4,Monroe,Irondequoit (Town),JCT ROL+RTE404,590 590 43013007,404 941B43011007,NYSDOT,1957,12,9
15467,9,Tioga,Owego (Town),OWEGO INTERCHANGE RTE 17,960JX,17  17 65063193,NYSDOT,1968,12,9
13942,7,St Lawrence,Russell (Town),LOCATED IN RUSSELL,"CR 24, JEF CO LIN",GRASSE RIVER,County,2018,12,10
5258,5,Erie,Lackawanna (City),1.0 MI SW JCT I90<RTE 219,90IX,ABBOTT RD,NYS Thruway Authority,1956,12,10
13988,7,St Lawrence,Waddington (Village),LOCATED IN WADDINGTON,"CR 44, FRANKLIN R",BIG SUCKER BROOK,County,1956,12,10
10288,3,Onondaga,Skaneateles (Town),0.9 MI E OWASCO,CR117 BENSON ROAD,DUTCH HOLLOW BK,County,2018,12,10
10410,3,Onondaga,Syracuse (City),500 ft NW Armory,WALTON STREET,ONONDAGA CREEK,City,1927,12,10
8280,4,Monroe,Rochester (City),IN ROCHESTER,31 X,GENESEE RIVER,City,1923,12,10
13339,1,Schenectady,Schenectady (City),1.6 MI NW JCT SH146& I890,ON-RAMP OF I890,VACANT LAND,NYSDOT,1966,12,10
5385,5,Erie,Orchard Park (Town),2.8 MI NW OF ORCHARD PARK,BERG ROAD,N BR SMOKES CREEK,County,1981,12,10
7836,4,Monroe,Brighton (Town),JCT BARGE C + RTE 15A,15A 15A43041129,ERIE CANAL,NYSDOT,2016,12,10
144,1,Albany,Bethlehem (Town),JCT.RTES 85<87I S.EXIT 24,85  85 11011240,87I 144.70,NYSDOT,1964,12,10
4917,5,Erie,Buffalo (City),3.3 MI NE JCT RTS 33 + 5,FILLMORE AVENUE,33  33 53011043,NYSDOT,1965,12,10
15897,8,Ulster,Olive (Town),2.0 MI SW OF KRUMVILLE,UPPER SAHLER MILL ROAD,ROCHESTER CREEK,County,2008,12,10
6927,7,Jefferson,Henderson (Town),3.5 MI SW OF HENDERSON,STONY CREEK ROAD,STONY CREEK,County,2018,12,10
3805,3,Cortland,Solon (Town),2.1 MI SE OF MCGRAW,MCGRAW MARATHON RD,SMITH BROOK,County,1932,12,10
5144,5,Erie,Elma (Town),3.2 MI N JCT CR422&BUF CK,GIRDLE ROAD,BUFFALO CREEK,County,1948,12,10
9040,11,New York,New York (City),6.4 MI NE ROUTE 9A+79 ST,907V907VX4M12135,DYCKMAN STREET,NYSDOT,1939,12,10
16645,8,Westchester,Cortlandt (Town),3.7 MI N JCT RTS 9A+129,9A  9A87032227,MNRR HU LINE,NYSDOT,1935,12,10
4923,5,Erie,Buffalo (City),3.7 MI NE JCT RTS 33 + 5,HOSPITAL DRIVE,33  33 53011047,NYSDOT,1968,12,10
10389,3,Onondaga,Syracuse (City),JCT I81 & I481,I81 SB RAMP TO I4,81I 81I33032014,NYSDOT,1980,12,10
16962,8,Westchester,New Rochelle (City),1.5 MI NE OF PELHAM MANOR,CENTRE AVENUE,MNRR NH  LINE,Railroad,1886,12,10
4905,5,Erie,Buffalo (City),4.0 MI NE JCT RTS 33 + 5,DEERFIELD AVENVE,33  33 53011050,NYSDOT,1968,12,10
4339,8,Dutchess,Clinton (Town),1.3 MI NW OF CLINTN CORS,987G987G82031259,SCHULTZVILLE ROAD CR 12,NYSDOT,1945,12,10
4567,8,Dutchess,Red Hook (Town),2.1 MI W JCT RTS 199+308,199 199 82021076,LAKES KILL,NYSDOT,1949,12,10
11799,8,Putnam,Southeast (Town),0.9 MI E I84 INT 19,84I 84IX,MNRR BE LINE,NYSDOT,1968,12,10
73,1,Albany,Albany (City),DOWNTOWN ALBANY,DUNN WB TO I787SB,787I787I11011019,NYSDOT,1973,12,10
74,1,Albany,Albany (City),E.S.PLAZA RAMP & NB I787,EM ST PLZA ARTERY,787I787I11011011,NYSDOT,1972,12,10
75,1,Albany,Albany (City),E.S.PLAZA & SB I787,EM ST PLZA ARTERY,787I787I11011011,NYSDOT,1972,12,10
31,1,Albany,Albany (City),I787 SB RAMP & BROADWAY,787I SB to 9&20EB,787I787I11011018,NYSDOT,1972,12,10
11798,8,Putnam,Southeast (Town),0.9 MI E I84 INT 19,84I 84IX,MNRR BE LINE,NYSDOT,1968,12,10
8323,4,Monroe,Rochester (City),JCT I490 EAST + AVERILL,AVERILL AVENUE,490I490I43022041,NYSDOT,1959,12,10
13855,7,St Lawrence,Norfolk (Town),IN NORFOLK,COUNTY ROAD 38A,RAQ RIV TAIL RACE,County,1959,12,10
12312,11,Queens,,AT LA GUARDIA AIRPORT,DELTA GROUND TO 102ND STREET SOUTH,GED ROADWAY,Port Authority of NY and NJ,2019,12,10
8350,4,Monroe,Rochester (City),JCT I490 EAST +MEIGS ST,MEIGS STREET,490I490I43022043,NYSDOT,1959,12,10
8158,4,Monroe,Irondequoit (Town),0.3 M E of SeaBreeze Dr.,Culver Road,IROND. BAY OUTLET,County,1998,12,10
17228,8,Westchester,Yonkers (City),1.9 MI N JCT SMRP & CCP,987D987D87011036,SAW MILL RIVER,NYSDOT,1957,12,10
13815,7,St Lawrence,Lawrence (Town),4 MI N OF FORT JACKSON,HALLAHAN ROAD,ALLEN BROOK,Town,2015,12,10
3715,3,Cortland,Cuyler (Town),2.0 MI NE OF CUYLER,HIGH BRIDGE ROAD,E BR TIOUGHNIOGA RIVER,County,1930,12,10
7538,4,Livingston,Groveland (Town),2.3MI N JCT RTS 36 + I390,390I390I42021149,KESHEQUA CREEK,NYSDOT,1982,12,10
13812,7,St Lawrence,Lawrence (Town),1.5 MI SE OF BRASHER FALL,FINNIGAN ROAD,TROUT BROOK,County,1959,12,10
7539,4,Livingston,Groveland (Town),2.3MI N JCT RTS 36 + I390,390I390I42021149,KESHEQUA CREEK,NYSDOT,1982,12,10
13856,7,St Lawrence,Norfolk (Town),IN NORFOLK,COUNTY ROAD 38A,RAQUETTE RIVER,County,1959,12,10
3335,7,Clinton,Mooers (Town),2.3 MI W OF MOOERS FORKS,LAMBERTON ROAD,ENGLISH RIVER,County,2017,12,10
9244,5,Niagara,Lewiston (Town),3.3 MI N JCT RT 190I & 31,190I 190I54011056,POWER RESERVOIR,NYSDOT,1963,12,10
6108,4,Genesee,Batavia (Town),6 MI W JCT RT 5 & 63 BATV,5   5 41031088,BOWEN CREEK,NYSDOT,1993,12,10
8320,4,Monroe,Rochester (City),0.5MI W JCT GOODMAN& I490,ALEXANDER STREET,490I490I43022040,NYSDOT,1959,12,10
16685,8,Westchester,Elmsford (Village),JCT I287 & SMRP,287I287I87011003,SAW MILL RVR PKWY,NYSDOT,1999,12,10
8372,4,Monroe,Rochester (City),1.2MI.W.JCT 490I & 441,SOUTH WINTON ROAD,490I490I43022065,NYSDOT,1989,12,10
8371,4,Monroe,Rochester (City),JCT I490 EAST + GOODMAN,SOUTH GOODMAN ST,490I490I43022045,NYSDOT,1959,12,10
8331,4,Monroe,Rochester (City),2.2MI W JCT I490EAST+441,CULVER ROAD,490I490I43022055,NYSDOT,1959,12,10
9250,5,Niagara,Lewiston (Town),1.9 MI N JCT RTS 265 + 31,265  265 54024046,POWER RESERVOIR,NYSDOT,1963,12,10
16920,8,Westchester,Mount Vernon (City),1.3 MI NW OF PELHAM MANOR,EAST 3RD STREET,UNIVERSAL MTL BLG,City,1912,12,10
5916,7,Franklin,Malone (Town),MALONE,LANE STREET,SALMON RIVER,County,1975,12,11
9561,2,Oneida,Deerfield (Town),1.6 MI N JCT RTS 12 & 49,921C920 26011102,12  12 26043405,NYSDOT,1969,12,11
10658,8,Orange,Chester (Village),.6 MI S JCT SH17M & SH 94,17M 17M83013119,NORFOLK SOUTHERN/NJ TRANSIT,NYSDOT,1941,12,11
9567,2,Oneida,Deerfield (Town),2 MI N JCT S.H.12 & SH 49,GFN RAMP,12  12 26043407,NYSDOT,1969,12,11
9969,2,Oneida,,Betsinger Road,BETSINGER ROAD,MUD CREEK (TAYLOR CREEK),Town,1997,12,11
16099,8,Ulster,Wawarsing (Town),1.6 MI N JCT RTS 209+55,209  55 86021123,VER NOOY KILL,NYSDOT,1933,12,11
1098,9,Broome,Binghamton (City),0.4 MI E EXIT 3 RTE I-81,BIGELOW STREET,81I 81I91012013,NYSDOT,1965,12,11
4948,5,Erie,Buffalo (City),1.9 MI SE JCT SH5 & BUF R,SOUTH PARK AVENUE,BUFFALO RIVER,City,1952,12,11
10279,3,Onondaga,Salina (Town),JCT US 11 NB & I81,I81SB OFF RAMP,11  11 33033022,NYSDOT,1971,12,11
1104,9,Broome,Binghamton (City),.6 MI E EXIT 3 OF I81,FAIRVIEW AVENUE,81I 81I91012010,NYSDOT,1965,12,11
8519,2,Montgomery,Florida (Town),1.5 MI E JCT RTS 5S & 160,5S  5S25033018,TERWILLEGER CREEK,NYSDOT,1957,12,11
1109,9,Broome,Binghamton (City),1.3 MI E EXIT 3 OF I81,WINDY HILL ROAD,81I 81I91012004,NYSDOT,1965,12,11
8281,4,Monroe,Rochester (City),IN ROCHESTER,31 X,SUBWAY TUNNEL,City,1974,12,11
3424,8,Columbia,Ancram (Town),6 MI NE JCT CR 2 + 987G,HALL HILL ROAD,ROELIFF JANSEN KILL,County,2010,12,11
16697,8,Westchester,Elmsford (Village),JCT SBSP&I287 AT ELMSFORD,987FX,287I287I87011011,NYSDOT,1970,12,11
16696,8,Westchester,Elmsford (Village),JCT SBSP&I287 AT ELMSFORD,987FX,287I287I87011011,NYSDOT,1970,12,11
7596,4,Livingston,Nunda (Town),1.5 MI NW OF NUNDA,DE GROFF ROAD,KESHEQUA CREEK,County,1975,12,11
16778,8,Westchester,Harrison (Village),0.3 MI E JCT RTE I287+HRP,KENILWORTH ROAD,287IX,NYSDOT,1960,12,11
12353,1,Rensselaer,East Greenbush (Town),1.5 MI S JCT RT I90 & 151,ELLIOT ROAD,90I 90I14022045,NYSDOT,1972,12,11
13985,7,St Lawrence,Waddington (Town),3.0 MI NE OF CHIPMAN,WAYNE HUNTER ROAD,BRANDY BROOK,County,2015,12,11
7605,4,Livingston,Ossian (Town),1.3 MI NE OF CANASERAGA,FAULKNER ROAD,CANASERAGA CREEK,County,2018,12,11
13924,7,St Lawrence,Potsdam (Village),POTSDAM .2 MI E RT 11&345,971U971U75011002,RAQUETTE RIVER,NYSDOT,1923,12,11
14225,6,Steuben,Corning (City),IN CORNING,BRIDGE STREET,CHEMUNG RIVER,City,1937,12,11
17076,8,Westchester,Rye (City),.2 MI E JCT I287 & US 1,287I 287I 87011002,RAMPS J R & D,NYSDOT,1957,12,11
8305,4,Monroe,Rochester (City),JCT INNER LOOP+GENESEE R,490I490I43022035,Genesee River,NYSDOT,2006,12,11
7972,4,Monroe,Gates (Town),JCT RTS I490 WB + I590 SB,390I390I43031002,490I490I43021179,NYSDOT,1963,12,11
10401,3,Onondaga,Syracuse (City),JCT OF RTE I-690+MIDLER,S. MIDLER AVENUE,690I690I33012050,NYSDOT,1968,12,11
13925,7,St Lawrence,Potsdam (Village),POTSDAM-.3 M E RT 11& 345,971U971U75011003,RAQUETTE RIVER,NYSDOT,1922,12,11
10958,8,Orange,Wallkill (Town),2.5 MI E JCT RTS 17+I84,84I  84I830217,HARVEY ROE BROOK,NYSDOT,1969,12,11
17279,8,Westchester,Yonkers (City),0.5 MI S JCT RTS SBSP+100,PALMER ROAD,987F 987F87011004,NYSDOT,1958,12,11
7884,4,Monroe,Brighton (Town),JUST N JCT I390 & SH 15,RAMP CH TO I390NB,OPEN AREA,NYSDOT,1981,12,11
17088,8,Westchester,Rye (City),.9 MI E JCT I95 & SH 127,COUNTY ROAD 73,95IX,NYS Thruway Authority,1996,12,12
10308,3,Onondaga,Syracuse (City),2.4 MI N JCT RTS I-81+173,81I 81I33032033,EAST ADAMS STREET,NYSDOT,1966,12,12
1013,11,Bronx,New York (City),AT HUNTS POINT,TIFFANY STREET,AMTRAK/CSXT/P&W,City,1908,12,12
8312,4,Monroe,Rochester (City),0.4MI W JCT I.L.&STATE ST,940T940T43011000,490I490I43022027,NYSDOT,1974,12,12
16831,8,Westchester,Mamaroneck (Village),AT MAMARONECK/ RYE,NO. BARRY AVENUE,MNRR NH LINE,Railroad,1887,12,12
4457,8,Dutchess,La Grange (Town),1.2 MI E OF ARLINGTON,DEGARMO ROAD,WAPPINGER CREEK,County,1972,12,12
4458,8,Dutchess,La Grange (Town),1.2 MI E OF ARLINGTON,DEGARMO ROAD,WAPPINGER CREEK,County,1972,12,12
13582,6,Schuyler,Montour Falls (Village),IN MONTOUR FALLS,N  LHOMMEDIEU STR,JOHNS CREEK,County,2018,12,12
16051,8,Ulster,Shawangunk (Town),0.8 MI NW OF WALKER VALLE,GRAU ROAD,PLATTE  KILL,County,1985,12,12
16826,8,Westchester,Mamaroneck (Village),AT MAMARONECK RYE,HILLSIDE AVENUE,MNRR  NH  LINE,Railroad,1887,12,12
2003,5,Cattaraugus,Yorkshire (Town),1.8 MI SW OF YORKSHIRE,MCKINSTRY ROAD,ELTON CREEK,County,1977,12,12
16664,8,Westchester,Croton-On-Hudson (Village),IN CROTON-ON-HUDSON,CROTON POINT AVE,YARD ROAD,Railroad,1996,12,12
7508,4,Livingston,Avon (Town),1.8 MILES SOUTH OF AVON,PAPERMILL ROAD,CONESUS OUTLET,County,2018,12,12
47,1,Albany,Albany (City),.56 MI SE EXIT 23 OF I87,87IX,NORMANS KILL,NYS Thruway Authority,1954,12,12
12494,1,Rensselaer,Schodack (Town),JCT RTS 9 & I90,9   9 14071064,90I 90I14022074,NYSDOT,1973,12,12
983,11,Bronx,New York (City),AT HUNTS POINT,LONGWOOD AVENUE,AMTRAK/CSXT/P&W,City,1908,12,12
4888,5,Erie,Buffalo (City),JCT.RTS.198 & I-190,198 WB to 190I NB,NIAGARA ST RTE266,NYSDOT,1963,12,12
10345,3,Onondaga,Syracuse (City),I-690 WB OVER STATE+JAMES,690I690I33012026,NORTH STATE STREET,NYSDOT,1968,12,12
10346,3,Onondaga,Syracuse (City),CONNECTOR I690EB TO I81SB,690I690I33012027,N STATE ST- US 11,NYSDOT,1968,12,12
15936,8,Ulster,Rosendale (Town),JCT RTE32+RONDOUT CR,32   32 86021192,RONDOUT CREEK,NYSDOT,1934,12,12
16289,1,Warren,,1.6mi E of I87 Exit 25,8 8 17101302,Mill Pond Outlet,NYSDOT,1900,12,12
86,1,Albany,Albany (City),I787 NB OFF CLINTON AVE,I787TO CLINTONAV,WATER STREET,NYSDOT,1970,12,12
4440,8,Dutchess,Hyde Park (Town),N. Park Elementary School,SCHOOL ACCESS ROAD,CRUM ELBOW CREEK,Other,2011,12,12
16774,8,Westchester,Harrison (Village),1.2 MI N MAMARONECK RYE,BROADWAY,MNRR NH LINE,Railroad,1887,12,12
9424,5,Niagara,Royalton (Town),1.4 MI E OF WALCOTTSVILLE,GRISWOLD STREET,TRIB MUD CREEK,County,2019,12,12
10094,3,Onondaga,East Syracuse (Village),1. MI W JCT I-690 EB+481I,690I690I33013008,BRIDGE STREET,NYSDOT,1971,12,12
10829,8,Orange,Montgomery (Town),1.1 MI E JCT I84 & SH 208,84I 84I83011298,NORFOLK SOUTHERN,NYSDOT,1968,12,12
4378,8,Dutchess,East Fishkill (Town),2.1 MILES E JCT I84 & TSP,84I 84I82021146,52  52 82042154,NYSDOT,1968,12,12
16482,4,Wayne,Butler (Town),JCT OF RTS 89 + 104,89  89 37031152,104 104 37041303,NYSDOT,1970,12,12
613,6,Allegany,Hume (Town),2.6 MI NW OF HUME,MERWIN ROAD,COLD CREEK,Town,1973,12,12
14651,10,Suffolk,Babylon (Town),SOUTH OF LINDENHURST,RIVIERA DR WEST,SANTA BARBARA CNL,Town,2018,12,12
10095,3,Onondaga,East Syracuse (Village),1. MI W JCT I-690 WB+481I,690I690I33013008,BRIDGE STREET,NYSDOT,1971,12,12
14650,10,Suffolk,Babylon (Town),SOUTH OF LINDENHURST,RIVIERA DR EAST,SANTA BARBARA CNL,Town,2018,12,12
4606,8,Dutchess,Union Vale (Town),2.8 MI E JCT RTE 55+TSP,55  55 82032096,JACKSON CREEK,NYSDOT,2016,12,13
908,11,Bronx,New York (City),E149th St,EAST 149TH STREET,AMTRAK/CSXT/P&W,City,1907,12,13
17025,8,Westchester,Ossining (Village),IN OSSINING,WESTERLY ROAD,WESTERLY ROAD WAY,Village,1913,12,13
9676,2,Oneida,Oriskany (Village),17MI W JCT RTS 291+69,69  69 26023074,ORISKANY CREEK,NYSDOT,1921,12,13
8990,11,New York,New York (City),IN WEST MANHATTAN,11TH AVE VIADUCT,LIRR WEST SIDE YD,City,1934,12,13
1446,9,Broome,Vestal (Town),HAMLET OF VESTAL,CR 48,SUSQUEHANNA RIVER,County,1935,12,13
116,1,Albany,Albany (City),0.2 MI NW JCT 85 & 910D,WASHINGTON AVENUE,ACCESS ROAD B,State - Other,1963,12,13
776,11,Bronx,New York (City),JCT I95+I278,95I 95IX1M21026,895I895IX1M11013,NYSDOT,1951,12,13
8159,4,Monroe,Irondequoit (Town),2.8 MI N OF BRIGHTON,NORTON STREET,DENSMORE CREEK,County,1962,12,13
17310,8,Westchester,Yorktown (Town),TSP(NB) AT NEW CROTON RES,987G 987G87011093,NEW CROTON RESRVR,NYSDOT,1931,12,13
4467,8,Dutchess,Milan (Town),0.1 MI W JCT RTS 199+308,199 199 82021094,SAWKILL CREEK,NYSDOT,2016,12,13
7946,4,Monroe,Fairport (Village),JCT RTE 31+STATE BARGE C,31F 31F43011034,ERIE CANAL,NYSDOT,1975,12,13
4513,8,Dutchess,Pleasant Valley (Town),0.8 MI N OF PLEASANT VLLY,COUNTY ROAD 72,SWALLOW STREAM,County,2016,12,13
71,1,Albany,Albany (City),JCT ORANGE ST & I787 SB,CLINTON AVE RAMP,WATER STREET,NYSDOT,1970,12,13
10783,8,Orange,Highlands (Town),.3 MI N JCT US 9W & US 6,9W  9W83021004,POPOLOPEN CREEK,NYSDOT,1937,12,13
109,1,Albany,Albany (City),SO MALL EXP OFF TO I787NB,SMX EB TO 787NB,787I787I11011014,NYSDOT,1973,12,13
15786,8,Ulster,Ellenville (Village),0.9 MI SE JCT RTS 52&209,52  52 86021106,NORTH GULLY CREEK,NYSDOT,1981,12,13
10705,8,Orange,Deerpark (Town),5.1 MI N JCT RTS 42+97,42  42 83012071,BUSH KILL,NYSDOT,1961,12,14
15698,3,Tompkins,Ithaca (Town),1 MI E OF CORNELL UNIVER,FOREST HOME DR,FALL CREEK,County,1996,12,14
11791,8,Putnam,Southeast (Town),JCT RTS I84+6+22,84I 84I84031090,6   6 84041386,NYSDOT,1970,12,14
17022,8,Westchester,Ossining (Village),AT OSSINNING,PRISON ROAD,MNRR HU LINE,State - Other,2014,12,14
8287,4,Monroe,Rochester (City),JCT RTE 104 + GENESEE R,104 104 43032021,GENESEE RIVER,NYSDOT,1931,12,14
11792,8,Putnam,Southeast (Town),JCT RTS I84+6+22,84I 84I84031091,6   6 84041134,NYSDOT,1970,12,14
15985,8,Ulster,Shandaken (Town),.4 MI N JCT SH 42 & SH 28,42  42 86031004,BUSHNELLSVILLE CREEK,NYSDOT,2016,12,14
13232,1,Schenectady,Duanesburg (Town),JCT OF RTS 20 & I88,20  20 16191071,88I 88I16081086,NYSDOT,1981,12,14
981,11,Bronx,New York (City),LEGGETT AVE,LEGGETT AVENUE,AMTRAK/CSXT/P&W,City,1906,12,14
828,11,Bronx,New York (City),2.4 MI N I278&I678,907F,AMTRAK/CSXT/P&W,City,1907,12,14
8985,11,New York,New York (City),RTE 27 OVER EAST RIVER,27  27 02021003,278IX,City,1909,12,14
16470,1,Washington,Whitehall (Village),SAUNDERS ST WHITEHALL,SAUNDERS ST,D&H/CPRR CML78.,Railroad,1932,12,14
40,1,Albany,Albany (City),I787 NB TO DUNN BR RAMP,787NB TO SMX EB,TO QUAY ST-BRDWAY,NYSDOT,1973,12,14
16926,8,Westchester,Mount Vernon (City),1.1 MILES WEST OF PELHAM,N FULTON AVENUE,MNRR NH LINE,Railroad,1900,12,15
830,11,Bronx,New York (City),.1 MILE N JCT I95 & BRP,907H907HX1M11011,AMTRAK/CSXT/P&W,NYSDOT,1951,12,15
100,1,Albany,Albany (City),NB RMP US9 & 20 O/HDSN RV,RAMP DUNN- NBI787,ON RAMP NB I787,NYSDOT,1972,12,15
6277,1,Greene,Catskill (Town),.2 MI W JCT SH 23 & SH385,23  23 13061367,CSX TRANSPRTATION,NYSDOT,1992,12,15
138,1,Albany,Bethlehem (Town),1 MI S.JCT 9W < 396,9W  9W11051052,CSX TRANS/C P RWY,NYSDOT,1976,12,15
10858,8,Orange,New Windsor (Town),IN NEWBURGH,MILL STREET,QUASSAICK CREEK,City,1883,12,16
12316,11,Queens,,9 MI E I278+GCP,GCP Westbound to 94th St,GCP WB Exit 6,NYSDOT,2019,12,16
11093,4,Orleans,Carlton (Town),JCT RTE18+0AK ORCHARD CK,18  18 45021143,OAK ORCHARD CREEK,NYSDOT,1936,12,16
16906,8,Westchester,Mount Vernon (City),0.8 MI E INT & NYSTWAY87I,907K 907K87012002,907G X,NYSDOT,1983,12,16
16720,8,Westchester,Greenburgh (Town),4.0 MI N JCT RTS BRP&SBSP,907GX,BRONX RIVER,County,2015,12,16
13226,1,Saratoga,,3.5 mi N of EDINBURG,SAND LAKE ROAD,SAND CREEK,County,2019,12,16
6272,1,Greene,Catskill (Town),JCT RT 23 & I87,23  23 13061349,87IX,NYSDOT,1968,12,16
6271,1,Greene,Catskill (Town),JCT RT 23 & I87,23  23 13061349,87IX,NYSDOT,1968,12,16
16027,8,Ulster,Shandaken (Town),.9 MI N JCT SH28&PK HL RD,PECK HOLLOW ROAD,PECK HOLLOW STRM,Town,2016,12,16
10898,8,Orange,Newburgh (Town),1 MI S JCT 17K & Drury Ln,Interstate 84 West to Drury Lane,Catskill Aqueduct,NYSDOT,2007,12,16
17070,8,Westchester,Rye (City),JCT US 1 & I287,1   1 87035000,287I287I87011104,NYSDOT,1959,12,16
9174,11,New York,New York (City),W 35TH & AMTRAK 30TH ST B,WEST 35TH STREET,AMTRAK W SIDE CON,City,1934,12,17
16915,8,Westchester,Mount Vernon (City),JCT OF RTS CCP&BRP,907K907K87012001,907GX,NYSDOT,1939,12,17
8282,4,Monroe,Rochester (City),ROCHESTER SUBWAY BROAD ST,31 X,SUBWAY- ABANDONED,City,1922,12,17
9534,2,Oneida,Bridgewater (Village),.4 MI E JCT US 20 & SH 8,20  20 26101114,W BR UNADILLA RVR,NYSDOT,1980,12,17
5823,7,Franklin,Brandon (Town),2.4 MI S OF BANGOR,TRIPPANY ROAD,LITTLE SALMON RVR,County,1964,12,17
6663,2,Herkimer,Manheim (Town),5.8 MI SW JCT RTS 5 & 167,5   5 23113053,E CANADA CREEK,NYSDOT,1931,12,17
25,1,Albany,Albany (City),JCT I90 & HUDSON RIVER,90I 90I11013020,CSX TRANSPRTATION,NYSDOT,1968,12,17
12871,8,Rockland,Orangetown (Town),2.3 MI S JCT SH304 & SH59,304 304 85011212,RAILROAD AVENUE,NYSDOT,1968,12,17
11830,11,Queens,New York (City),QUEENSBORO BR OVR EAST RV,25 X,JACKSON AVENUE,City,1957,12,17
12529,1,Rensselaer,Schodack (Town),4 MI SW CASTLETON,BERKSHIRE SPUR EB,CR3 S SCHODACK RD,NYS Thruway Authority,1958,12,17
5865,7,Franklin,Fort Covington (Town),IN FORT COVINGTON,37  37 72031113,W.BR.LIT.SALMON R,NYSDOT,1977,12,17
11769,8,Putnam,Philipstown (Town),0.8 MI N JCT SH 9D & SH 4,ROUTE 9D,PHILLIPSE BROOK,NYSDOT,1929,12,17
5878,7,Franklin,Fort Covington (Town),1.7MI NE BOMBAY,FOY-ELDRED ROAD,PIKE CREEK,County,2012,12,17
12872,8,Rockland,Orangetown (Town),2.3 MI S JCT SH304 & SH59,304 304 85011212,RAILROAD AVENUE,NYSDOT,1968,12,17
8327,4,Monroe,Rochester (City),EXIT 16 OF I490,CLINTON AVENUE SO,490I490I43022038,NYSDOT,1971,12,17
8295,4,Monroe,Rochester (City),JCT I490 & MT READ BLVD,490I490I43022007,940K940K43011004,NYSDOT,2009,12,17
3442,8,Columbia,Austerlitz (Town),0.6 MI N OF GREEN RIVER,UPPER HOLLOW ROAD,GREEN RIVER,County,1951,12,18
16143,8,Ulster,Woodstock (Town),1.6 MI E JCT RTS 212+28,Route 212,BEAVER KILL,NYSDOT,2016,12,18
3609,8,Columbia,Kinderhook (Town),2.1 MI N OF VALATIE,COUNTY ROAD 28,VALATIE KILL,County,2004,12,18
8734,10,Nassau,Hempstead (Town),2.4 MI N OF HEMPSTEAD,CHAS LINDBERGH BL,908E908E03011095,County,1970,12,18
5203,5,Erie,Grand Island (Town),2.0 MI NW JCT I190<S PKWY,WHITEHAVEN RD,190IX,NYS Thruway Authority,1955,12,18
17323,8,Westchester,Yorktown (Town),TSP(SB) AT NEW CROTON RES,987G987G87011127,CROTON DAM ROAD,NYSDOT,1972,12,18
15190,9,Sullivan,Mamakating (Town),0.5 MI W OF SPRING GLEN,TEMPALONI ROAD,SANDBURG CREEK,County,2018,12,18
22,1,Albany,Albany (City),0.3 MI NW JCT I90 & I787,90I 90I11013016,ERIE BLVD.,NYSDOT,1968,12,18
15062,9,Sullivan,Fallsburg (Town),.8 MILE SE OF WOODRIDGE,SILVER LAKE ROAD,SANDBURG CREEK,County,1950,12,18
15370,9,Tioga,Barton (Town),1 MILE NE OF LOCKWOOD,DEAN CREEK ROAD,DEAN CREEK,County,1990,12,18
7344,7,Lewis,Croghan (Town),4.4 MI NE OF INDIAN RIVER,JERDEN FALLS ROAD,W B OSWEGATCHIE R,County,2018,12,18
21,1,Albany,Albany (City),0.3 MI NW JCT I90 & I787,90I 90I11013016,ERIE BLVD,NYSDOT,1967,12,18
5684,1,Essex,Newcomb (Town),3 MI EAST OF NEWCOMB,CAMPSITE ROAD,HUDSON RIVER,County,2019,12,18
5162,5,Erie,Evans (Town),1.66 MI W VILLAGE ANGOLA,AHLERS ROAD,DELAWARE CREEK,Town,1997,12,18
17214,8,Westchester,Yonkers (City),JCT OF RTS CCP < I87,907K 907K87011012,87IX,NYSDOT,1970,12,18
5364,5,Erie,Orchard Park (Town),3.9MI S JCT RTS 20A + 219,219 219 53121176,ABBOTT ROAD CR 28,NYSDOT,1977,12,18
5268,5,Erie,Lackawanna (City),CENTER OF LACKAWANNA,WARSAW AVENUE,SMOKES CREEK,City,1930,12,18
9026,11,New York,New York (City),JCT OF US 9A & 72ND STREE,907V907VX4M11074,79TH STREET,City,1937,12,19
13971,7,St Lawrence,Stockholm (Town),.5 MI SE OF STOCKHOLM CTR,PRVL-NORFOLK ROAD,TROUT BROOK,County,2018,12,19
3546,8,Columbia,Copake (Town),1.3 MI SE OF WEST COPAKE,EMPIRE ROAD,ROELIFF JANSEN KILL,County,2010,12,19
12998,8,Rockland,,I87SB/Hudson Riv - Ramp A,87IX Trn Arnd #1,HUDSON RIVER,NYS Thruway Authority,2018,12,19
8746,10,Nassau,Hempstead (Town),2.0 MI E OF HEMPSTEAD,GLEN CURTISS BLVD,908E908E03011088,County,1975,12,19
7641,4,Livingston,West Sparta (Town),2.8 MI NE OF WESTVIEW,KYSORVL-BYERSVL ROAD,BUTTERNUT CREEK,County,2010,12,19
13956,7,St Lawrence,Stockholm (Town),LOCATED IN WINTHROP,420 420 75011011,W BR ST REGIS RVR,NYSDOT,1949,12,19
1516,9,Broome,Windsor (Village),IN WINDSOR,COUNTY ROAD 28,SUSQUEHANNA RIVER,County,1935,12,19
10794,8,Orange,Minisink (Town),1.2 MI NE OF WESTTOWN,FORDLEA ROAD,RUTGERS CREEK,County,2016,12,19
16924,8,Westchester,Mount Vernon (City),1.5 MILES WEST OF PELHAM,GRAMATAN AVENUE,MNRR NH LINE,Railroad,1894,12,19
10683,8,Orange,Cornwall (Town),4.2 MI SW OF CORNWALL,TAYLOR ROAD,WOODBURY CREEK,Town,2016,12,19
16933,8,Westchester,Mount Vernon (City),1.6 MI W OF PELHAM,SOUTH FIFTH AVE,MNRR NH LINE,Railroad,1984,12,19
8226,4,Monroe,Perinton (Town),JCT SH31 & BGE CNL/FAIRPT,31  31 43033072,ERIE CANAL,NYSDOT,2002,12,19
12860,8,Rockland,Nyack (Village),3.0 MI E JCT RTS I-87<PIP,MOUNTAINVIEW AVE,87IX,NYS Thruway Authority,1954,12,19
1702,5,Cattaraugus,Franklinville (Village),0.4 MI N OF CADIZ,16  16 51013182,GATES CREEK,NYSDOT,1934,12,19
11775,8,Putnam,Putnam Valley (Town),1.5 MI SW OF OSCAWANA LK,CANOPUS HOLLOW RD,CANOPUS CREEK,Town,1999,12,19
4379,8,Dutchess,East Fishkill (Town),2.1 MILES E JCT I84 & TSP,84I 84I82021146,52  52 82042154,NYSDOT,1968,12,19
70,1,Albany,Albany (City),JCT ORANGE ST & I787 NB,CLINT AVE TO I787,787IX,NYSDOT,1970,12,20
16937,8,Westchester,Mount Vernon (City),1.9 MI W OF PELHAM,WEST LINCOLN AVE,MNRR NH LINE,Railroad,1900,12,20
12455,1,Rensselaer,Rensselaer (City),CITY OF RENSSELAER,HERRICK ST,CSX RR / AMTRAK,Authority or Commission - Other,2002,12,20
39,1,Albany,Albany (City),JCT I787 & CSX  RR/ AMTRA,787I787I11011025,RAMP TO CLINTON AVE.,NYSDOT,1970,12,20
38,1,Albany,Albany (City),JCT I787 & CONRAIL/AMTRAK,787I787I11011025,RAMP TO CLINTON AVE.,NYSDOT,1970,12,20
17126,8,Westchester,Sleepy Hollow (Village),1.3 MI NW OF TARRYTOWN,BEEKMAN AVENUE,MNRR HU LINE,Railroad,2018,12,20
12991,8,Rockland,Suffern (Village),ORANGE AVE. RT.59 & NJ TR,87IX  SB,59   59 85011014,NYS Thruway Authority,1954,12,20
13799,7,St Lawrence,Hopkinton (Town),LOCATED IN FORT JACKSON,COUNTY ROAD 49,E BR ST REGIS RVR,County,1975,12,20
4539,8,Dutchess,Poughkeepsie (City),IN THE CITY OF PO:KEEPSIE,LAUREL STREET,MNRR HU LINE,Railroad,1933,12,20
12989,8,Rockland,Suffern (Village),ORANGE AVE. RT.59 & NJ TR,87IX  NB,59  59 85011014,NYS Thruway Authority,1954,12,20
3587,8,Columbia,Hillsdale (Town),.2 MI SW JCT CR 63 & SH22,22  22 81061182,ROELIFF JANSEN KL,NYSDOT,2016,12,20
7795,2,Madison,Smithfield (Town),5 MI NORTH OF MORRISVILLE,OXBOW ROAD,ONEIDA CREEK,County,2018,12,20
10381,3,Onondaga,Syracuse (City),.3 MI S OF ARMORY/SYRACUS,GIFFORD STREET,ONONDAGA CREEK,City,1982,12,20
4640,8,Dutchess,,3.3 MI SW OF DOVER PLNS,Ridge Road,Coopertown Brook,County,2016,12,20
16939,8,Westchester,Mount Vernon (City),1.7 MILES WEST OF PELHAM,WILSON PLACE,MNRR NH LINE,Railroad,1894,12,20
17213,8,Westchester,Yonkers (City),JCT OF RTS CCP < I87,907K 907K87011011,87IX,NYSDOT,1970,12,20
10904,8,Orange,Newburgh (Town),1 MI S JCT 17K & Drury La,RAMP B to 84I E,Catskill Aqueduct,NYSDOT,2007,12,21
4637,8,Dutchess,,0.4 MI E RT 9G J CRUM ELB,County Road 41,Maritje Kill,County,2016,12,21
50,1,Albany,Albany (City),Jct I90 & Everett Rd,90I 90I11011034,CSX/AMTRAK,NYSDOT,2006,12,21
51,1,Albany,Albany (City),Jct I90 & Everett Rd.,90I 90I11011034,CSX/Amtrak,NYSDOT,2006,12,21
5820,7,Franklin,Brandon (Town),JCT CR 12 & CR 13,"CR 12, SKERRY ROA",LITTLE SALMON RVR,County,2004,12,21
12530,1,Rensselaer,Schodack (Town),4 MI SW CASTLETON,BERKSHIRE SPUR WB,CR3 S SCHODACK RD,NYS Thruway Authority,1958,12,21
218,1,Albany,Colonie (Town),.5 MI S JCT SH 5 & SH 155,155 155 11013004,CSX TRANS/ AMTRAK,County,2002,12,21
92,1,Albany,Albany (City),JCT I90 & NORTHERN BLVD,NORTHERN BLVD,90I 90I11013007,NYSDOT,1971,12,21
13337,1,Schenectady,Schenectady (City),CITY OF SCHENECTADY,OAK STREET,CSX TRANS/ AMTRAK,Railroad,1937,12,22
13254,1,Schenectady,Glenville (Town),1.5 MI N JCT RTS 5+ 147,147 147 16011014,VLEY ROAD CR 19G,NYSDOT,1983,12,22
13251,1,Schenectady,Glenville (Town),0.2 MI N JCT RTS 5 & 103,5   5 16131024,AMTRAK,NYSDOT,1952,12,22
9074,11,New York,New York (City),IN MANHATTAN,EAST 97TH STREET,METRO NO COMMUTER,City,1873,12,23
12549,1,Rensselaer,Schodack (Town),3 MI SE OF CASTLETON,VAN HOUSEN ROAD,AMTRAK,County,1908,12,23
12546,1,Rensselaer,Schodack (Town),0.5 MI N MAPLE HILL ROAD,SIMONS ROAD,AMTRAK,Town,1999,12,23
13351,9,Schoharie,Broome (Town),5 MI SE OF BROOME CENTER,BATES CHURCH ROAD,TRIB CATSKILL CRK,County,2019,12,23
16965,8,Westchester,New Rochelle (City),IN NEW ROCHELLE,DIVISION STREET,MNRR NH LINE,NYSDOT,1929,12,23
16969,8,Westchester,New Rochelle (City),.1MI N US1&.2 MI S NOR ST,MEMORIAL HIGHWAY,95IX,NYSDOT,2009,12,23
16971,8,Westchester,New Rochelle (City),1.2 MILES EAST OF PELHAM,NORTH AVENUE,MNRR NH LINE,Railroad,1909,12,23
66,1,Albany,Albany (City),.8 MI NE JCT SH 32 & I787,ALBANY CITY ST'S,BEAVER RELIEF SWR,City,1900,12,23
17433,4,Wyoming,Pike (Town),in PIKE,COUNTY FAIR ACCESS RD,WISCOY CREEK,County,1954,12,23
17421,4,Wyoming,Orangeville (Town),0.6MI S JCT RTS 78 + 20A,98  98 46021201,TONAWANDA CREEK,NYSDOT,1931,12,23
11186,4,Orleans,Ridgeway (Town),0.6 MI SOUTH OF JEDDO,COUNTY LINE ROAD,JEDDO CREEK,County,1960,12,23
17381,4,Wyoming,Covington (Town),9.8MI N JCT RTS 19 + 20A,19  19 46021261,PEARL CREEK,NYSDOT,1910,12,23
16753,8,Westchester,Harrison (Village),1.3 MI N JCT SH 127 & US1,127 127 87011013,MNRR NH LINE,NYSDOT,1927,12,24
6790,2,Herkimer,,1.5 MI N OF MIDDLEVILLE,Farrington Rd,City Brook,NYSDOT,2019,12,24
8986,11,New York,New York (City),RTE 27 OVER EAST RIVER,27  27 02021003,278IX,City,1909,12,26
8972,11,New York,New York (City),4 MI NE ROUTE 9A+79 ST,9A  9A04011016,158TH STREET,City,1939,12,26
13289,1,Schenectady,Rotterdam (Town),.8 MI NW JCT SH7 & SH159,159 159 16011125,CSX TRANSPRTATION,NYSDOT,2007,12,26
15101,9,Sullivan,Jeffersonville (Village),AT JEFFERSONVILLE,52  52 96011177,LAUNDRY BROOK,NYSDOT,2018,12,27
14995,9,Sullivan,Callicoon (Town),9 MI W JCT SH 17 & SH 52,52  52 96011218,PANTHER ROCK CRK,NYSDOT,2018,12,27
9167,11,New York,New York (City),IN WEST MANHATTAN,WEST 31ST STREET,AMTRAK LAYUP TRKS,City,1910,12,27
17340,8,Westchester,,0.3 mi SW Highland Avenue,Central Avenue,Sing Sing Creek,Village,1930,12,27
13281,1,Schenectady,Rotterdam (Town),.7 MI SW JCT SH7 & SH159,7   7 16051154,CSX TRANSPRTATION,NYSDOT,1941,12,27
13338,1,Schenectady,Schenectady (City),1.6 MI NW JCT SH146& I890,OFF-RAMP OF I890,NORFOLK SOUTHERN,NYSDOT,1966,12,28
9184,11,New York,New York (City),IN MANHATTAN,WEST 42ND STREET,AMTRAK W SIDE CON,City,1934,12,28
10774,8,Orange,Harriman (Village),1 MILE EAST OF HARRIMAN,ARDEN HOUSE RD,87IX,NYS Thruway Authority,1953,12,28
13327,1,Schenectady,Schenectady (City),1.6MI NW JCT. 146 & 890I,890I 890I16012002,BROADWAY,NYSDOT,1966,12,28
16629,8,Westchester,Briarcliff Manor (Village),AT OSSINING,SCARBOROUGH STARD,MNRR HU LINE,Railroad,1913,12,28
13328,1,Schenectady,Schenectady (City),1.6 MI NW JCT SH146 &I890,890I 890I16012002,ERIE BOULEVARD,NYSDOT,1966,12,28
4938,5,Erie,Buffalo (City),0.6 m N JCT PRTR AV &I190,PEACE BRIDGE,190IX,Peace Bridge Authority (aka Buffalo And Ft. Erie Pub Br.Auth),1927,12,28
